{"exact": 72.63539122378506, "f1": 76.07131387988196, "total": 11873, "HasAns_exact": 72.89136302294197, "HasAns_f1": 79.77306168958147, "HasAns_total": 5928, "NoAns_exact": 72.38015138772077, "NoAns_f1": 72.38015138772077, "NoAns_total": 5945, "best_exact": 74.35357533900446, "best_exact_thresh": -3.9995296001434326, "best_f1": 77.29409704215459, "best_f1_thresh": -2.663567543029785}