{"exact": 70.79929251242315, "f1": 74.06698814103063, "total": 11873, "HasAns_exact": 71.42375168690958, "HasAns_f1": 77.96851386613615, "HasAns_total": 5928, "NoAns_exact": 70.17661900756939, "NoAns_f1": 70.17661900756939, "NoAns_total": 5945, "best_exact": 72.29006990651057, "best_exact_thresh": -1.3369317054748535, "best_f1": 75.15905606156866, "best_f1_thresh": -0.18994760513305664}