{"exact": 16.634380527246694, "f1": 17.231191338662477, "total": 11873, "HasAns_exact": 0.7422402159244265, "HasAns_f1": 1.9375733407455065, "HasAns_total": 5928, "NoAns_exact": 32.48107653490328, "NoAns_f1": 32.48107653490328, "NoAns_total": 5945, "best_exact": 50.07159100480081, "best_exact_thresh": 0.0, "best_f1": 50.07159100480081, "best_f1_thresh": 0.0}